{
    "ActionSound": "",
    "AutoUnlock": true,
    "Cards": [
        "{\n    \"UnitsInDeck\": 3,\n    \"Card\": \"infusecourage\"\n}",
        "{\n    \"UnitsInDeck\": 3,\n    \"Card\": \"elementalward\"\n}",
        "{\n    \"UnitsInDeck\": 3,\n    \"Card\": \"bindingheal\"\n}",
        "{\n    \"UnitsInDeck\": 1,\n    \"Card\": \"pandemonium\"\n}",
        "{\n    \"UnitsInDeck\": 2,\n    \"Card\": \"nightmare\"\n}",
        "{\n    \"UnitsInDeck\": 2,\n    \"Card\": \"hallucination\"\n}",
        "{\n    \"UnitsInDeck\": 1,\n    \"Card\": \"savantspiral\"\n}"
    ],
    "ChallengePack0": "mentalist",
    "ChallengePack1": "protector",
    "ChallengePack2": "heretic",
    "ChallengePack3": "enchanter",
    "ChallengePack4": "friar",
    "ChallengePack5": "scribe",
    "ChallengePack6": "witch",
    "CharacterDescription": "Salara was once a brilliant mind, but a trauma fractured her thoughts and locked her within a prison of her own making - a silent, invisible cage built from fear, memory, and control. Trapped in stillness, she wandered the corridors of her mind, searching for a way out. Two paths emerged: one of discipline and clarity, where she embraced stillness and mastered her thoughts with grace; the other of raw defiance, where each step fractured the cage through relentless will. Whether she embraces others with a focused serenity, or lashes out with psychic might, one truth remains: the cage no longer holds her.",
    "CharacterDescriptionStrength": "Mage Healer that specializes in Shield, Mind damage and Healing",
    "CharacterName": "Salara",
    "Energy": 1,
    "EnergyTurn": 3,
    "Female": true,
    "FluffOffsetX": 0,
    "FluffOffsetY": 3.40000009536743,
    "HeroClass": "healer",
    "HeroClassSecondary": "mage",
    "HitSound": "",
    "HP": 62,
    "ID": "savant",
    "Item": "savantthoughtveil",
    "MaxHP": [
        0,
        7,
        7,
        7,
        7
    ],
    "OrderInList": 5,
    "ResistSlashing": 0,
    "ResistBlunt": 0,
    "ResistPiercing": 0,
    "ResistFire": 10,
    "ResistCold": 10,
    "ResistLightning": 10,
    "ResistHoly": 5,
    "ResistShadow": 5,
    "ResistMind": 20,
    "Speed": 12,
    "SpriteBorderLocked": "salaraSilueta",
    "StickerBase": "",
    "StickerAngry": "",
    "StickerIndifferent": "",
    "StickerLove": "",
    "StickerSurprise": "",
    "StickerOffsetX": 0.100000001490116,
    "SubclassName": "Savant",
    "Trait0": "savanttrait0",
    "Trait1A": "savanttrait1a",
    "Trait1B": "savanttrait1b",
    "Trait2A": "savanttrait2a",
    "Trait2B": "savanttrait2b",
    "Trait3A": "savanttrait3a",
    "Trait3B": "savanttrait3b",
    "Trait4A": "savanttrait4a",
    "Trait4B": "savanttrait4b",
    "CardsSingularity": [
        "savantspiral",
        "infusecourage",
        "elementalward",
        "bindingheal",
        "pandemonium",
        "nightmare",
        "hallucination",
        "scrollofdefense",
        "manashield",
        "barrier",
        "flashheal",
        "clairvoyance",
        "foresight",
        "curseofmadness",
        "mindtwist"
    ]
}